{
  "Courses": [
    {
      "id": 1,
      "name": "React JS",
      "trainer": "sarath"
    },
    {
      "id": 2,
      "name": "React Native",
      "trainer": "Madhu"
    },
    {
      "id": 3,
      "name": "Angular JS",
      "trainer": "Sachin"
    },
    {
      "id": 4,
      "name": "C#",
      "trainer": "Sundar"
    },
    {
      "id": 5,
      "name": "Python",
      "trainer": "Sharma"
    },
    {
      "id": 6,
      "name": "Node js",
      "trainer": "Steve"
    }
  ],
  "Enquiry": [
    {
      "email": "sai@gmail.com",
      "query": "Timing details",
      "id": 1
    },
    {
      "email": "kumar@gmail.com",
      "query": "Duration of course",
      "id": 2
    },
    {
      "email": "dhoni@gmail.com",
      "query": "Coupoun code available?",
      "id": 3
    },
    {
      "email": "sara@yahoo.com",
      "query": "dont know any basics",
      "id": 4
    },
    {
      "email": "sindhu@gmail.com",
      "query": "I dont knowangular",
      "id": 5
    },
    {
      "email": "madhuVarma@gmail.com",
      "query": "Angular version",
      "id": 6
    },
    {
      "email": "ss@gmail.com",
      "query": "cost",
      "id": 7
    },
    {
      "email": "m@s.com",
      "query": "duration",
      "id": 8
    }
  ]
}